{"cameraMode":{"drawMode":0,"name":"Shaded","section":"Shading Mode"},"sceneLighting":true,"audioPlay":false,"sceneViewState":{"showFog":true,"showMaterialUpdate":false,"showSkybox":true,"showFlares":true,"showImageEffects":true,"showParticleSystems":true},"in2DMode":false,"pivot":{"x":-19.504297256469728,"y":-8.372457504272461,"z":-10.426961898803711},"rotation":{"x":0.18934735655784608,"y":-0.7719135284423828,"z":0.2685515284538269,"w":0.5442357659339905},"size":15.793722152709961,"orthographic":false}